序号,链接,节点数
0,https://gitlab.com/colloq168/nodefiltrate/-/raw/main/filtrate?ref_type=heads,161
1,https://omHP5R.absslk.xyz/4399b5b2bd612e1b3f7cdbe65ef2042c,38
2,https://qcK1tJ.mcsslk.xyz/596e82c66e8fe2f06c5d8456b81875d8,39
3,https://raw.githubusercontent.com/Alvin9999/pac2/master/clash.meta2/1/config.yaml,0
4,https://raw.githubusercontent.com/Alvin9999/pac2/master/clash.meta2/13/config.yaml,0
5,https://raw.githubusercontent.com/Alvin9999/pac2/master/clash.meta2/15/config.yaml,0
6,https://raw.githubusercontent.com/Alvin9999/pac2/master/clash.meta2/2/config.yaml,0
7,https://raw.githubusercontent.com/Alvin9999/pac2/master/clash.meta2/config.yaml,0
8,https://raw.githubusercontent.com/Huibq/TrojanLinks/master/links/vmess,0
9,https://raw.githubusercontent.com/Surfboardv2ray/TGParse/main/python/hy2,5
10,https://raw.githubusercontent.com/Surfboardv2ray/TGParse/main/python/hysteria2,29
11,https://raw.githubusercontent.com/qjlxg/hy2/main/splitted/hy2,14
12,https://raw.githubusercontent.com/ripaojiedian/freenode/main/clash,25
13,https://raw.githubusercontent.com/ripaojiedian/freenode/main/sub,26
14,https://raw.githubusercontent.com/zhangkaiitugithub/passcro/main/speednodes.yaml,171
15,dynamic://peasoft,0

总计,,461
